Year,FIP,League
2026,3.4246088193567443,NPB
2026,3.4096262160865582,Farm
2025,3.053,NPB
2025,3.621,Farm
2024,3.088,NPB
2024,3.46,Farm
2023,3.037,NPB
2023,3.629,Farm
2022,3.103,NPB
2022,3.596,Farm
2021,3.153,NPB
2021,3.606,Farm
2020,3.364,NPB
2020,3.555,Farm
2019,3.368,NPB
2019,3.576,Farm
2018,3.369,NPB
2018,3.576,Farm
2017,3.273,NPB
2017,3.576,Farm
2016,3.314,NPB
2016,3.576,Farm
2015,3.185,NPB
2015,3.576,Farm
2014,3.395,NPB
2014,3.576,Farm
